Numer identyfikacyjny promocji,Typ promocji,Opis promocji,Data rozpoczęcia promocji,Data zakończenia promocji,Wymagany status członkostwa
1,Specjalna,Cloned upward-trending firmware,2023-03-09 12:09:47,2026-06-28 04:28:41,Silver
2,Inna,Progressive contextually-based analyzer,2023-08-30 21:10:14,2026-02-18 06:58:20,Gold
3,Inna,Synergistic context-sensitive function,2023-04-02 02:35:34,2025-10-26 11:20:36,Standard
4,Okresowa,Team-oriented grid-enabled concept,2023-12-24 03:38:31,2026-03-07 11:25:25,Gold
5,Okresowa,Realigned tangible emulation,2023-11-12 21:28:38,2026-04-27 10:36:47,Gold
6,Powitalna,Persistent reciprocal collaboration,2023-03-19 05:39:53,2026-08-14 21:20:23,Silver
7,Stała,Fundamental tangible initiative,2023-08-26 22:50:11,2025-11-12 20:09:40,Standard
8,Okresowa,Focused analyzing array,2023-01-24 08:33:54,2025-11-21 09:16:11,Gold
9,Stała,Stand-alone zero administration moderator,2023-05-28 18:07:56,2025-11-29 15:04:47,Silver
10,Stała,Total dedicated open architecture,2023-03-28 23:30:20,2026-02-09 23:40:23,Gold
11,Okresowa,Upgradable encompassing approach,2023-05-29 08:55:37,2026-07-20 06:15:34,Gold
12,Inna,Down-sized reciprocal focus group,2023-12-25 09:08:57,2026-07-02 00:05:02,Gold
13,Specjalna,Persevering attitude-oriented solution,2023-02-04 15:48:56,2026-02-02 17:08:56,Standard
14,Powitalna,Team-oriented scalable initiative,2023-10-18 06:59:13,2026-07-01 16:58:44,Standard
15,Powitalna,Cloned systematic secured line,2023-10-31 00:25:11,2025-10-16 05:41:25,Silver
16,Specjalna,User-friendly radical model,2023-08-18 20:39:56,2026-09-15 17:37:08,Gold
17,Inna,Organic directional definition,2023-08-10 10:35:16,2025-12-20 19:03:01,Gold
18,Stała,Devolved background budgetary management,2023-06-01 12:13:08,2026-01-12 23:55:30,Gold
19,Inna,Self-enabling disintermediate access,2023-09-09 02:55:51,2026-06-17 03:33:28,Silver
20,Powitalna,Innovative heuristic success,2023-10-01 18:56:28,2025-10-23 20:42:38,Standard
